age,workclass,fnlwgt,education,education-num,marital-status,occupation,relationship,race,sex,capital-gain,capital-loss,hours-per-week,native-country,type
39.0,5,-1.0152961781539456,8,1.0389270397179136,4,0,1,4,1,0.4704044063321261,-0.2429277792843272,-0.02496109307985433,19, <=50K
50.0,4,-0.9644665230615895,8,1.0389270397179136,2,2,0,4,1,-0.23507402286269047,-0.2429277792843272,-2.3225162515664213,19, <=50K
38.0,2,0.19628281371959116,10,-0.4523557924130626,0,4,1,4,1,-0.23507402286269047,-0.2429277792843272,-0.02496109307985433,19, <=50K
53.0,2,0.36359526771211786,1,-1.1979972084785506,2,4,0,2,1,-0.23507402286269047,-0.2429277792843272,-0.02496109307985433,19, <=50K
28.0,2,1.2730733138236308,8,1.0389270397179136,2,7,5,2,0,-0.23507402286269047,-0.2429277792843272,-0.02496109307985433,2, <=50K
37.0,2,0.8009408125887298,11,1.4117477477506575,2,2,5,4,0,-0.23507402286269047,-0.2429277792843272,-0.02496109307985433,19, <=50K
49.0,2,-0.29016444111508977,5,-1.9436386245440387,3,6,1,2,0,-0.23507402286269047,-0.2429277792843272,-2.0672323450679135,10, <=50K
52.0,4,0.14361995795177304,10,-0.4523557924130626,2,2,0,4,1,-0.23507402286269047,-0.2429277792843272,0.40051208441765807,19, >50K
31.0,2,-1.2936532280859423,11,1.4117477477506575,4,7,1,4,0,4.3352839333377675,-0.2429277792843272,0.8259852619151704,19, >50K
42.0,2,-0.2966376568973432,8,1.0389270397179136,2,2,0,4,1,1.4452237261578982,-0.2429277792843272,-0.02496109307985433,19, >50K
37.0,2,0.7648206193755595,14,-0.07953508438031857,2,2,0,2,1,-0.23507402286269047,-0.2429277792843272,3.3788243269002445,19, >50K
30.0,5,-0.4558542055145042,8,1.0389270397179136,2,7,0,1,1,-0.23507402286269047,-0.2429277792843272,-0.02496109307985433,7, >50K
23.0,2,-0.6227280947521356,8,1.0389270397179136,4,0,3,4,0,-0.23507402286269047,-0.2429277792843272,-0.8759074480748791,19, <=50K
32.0,2,0.10307026071416095,6,0.6661063316851694,4,9,1,2,1,-0.23507402286269047,-0.2429277792843272,0.8259852619151704,19, <=50K
40.0,2,-0.6271137423010879,7,0.29328562365242544,2,1,0,1,1,-0.23507402286269047,-0.2429277792843272,-0.02496109307985433,19, >50K
34.0,2,0.4580270307361568,4,-2.3164593325767826,2,11,0,0,1,-0.23507402286269047,-0.2429277792843272,0.40051208441765807,12, <=50K
25.0,4,-0.1448328526379115,10,-0.4523557924130626,4,3,3,4,1,-0.23507402286269047,-0.2429277792843272,-0.4504342705773667,19, <=50K
32.0,2,-0.05652345359220988,10,-0.4523557924130626,4,5,4,4,1,-0.23507402286269047,-0.2429277792843272,-0.02496109307985433,19, <=50K
38.0,2,-1.4418354874699395,1,-1.1979972084785506,2,9,0,4,1,-0.23507402286269047,-0.2429277792843272,0.8259852619151704,19, <=50K
43.0,4,0.8675412562671181,11,1.4117477477506575,0,2,4,4,0,-0.23507402286269047,-0.2429277792843272,0.40051208441765807,19, >50K
40.0,2,0.002244223563749701,9,2.1573891638161458,2,7,0,4,1,-0.23507402286269047,-0.2429277792843272,1.676931616910195,19, >50K
54.0,2,0.954999839688323,10,-0.4523557924130626,5,6,4,2,0,-0.23507402286269047,-0.2429277792843272,-1.7268538030699039,19, <=50K
35.0,0,-1.0211817171646396,5,-1.9436386245440387,2,3,0,2,1,-0.23507402286269047,-0.2429277792843272,-0.02496109307985433,19, <=50K
43.0,2,-0.6686458245896653,1,-1.1979972084785506,2,11,0,4,1,-0.23507402286269047,4.540664557249869,-0.02496109307985433,19, <=50K
59.0,2,-0.7390091538650545,10,-0.4523557924130626,0,10,4,4,0,-0.23507402286269047,-0.2429277792843272,-0.02496109307985433,19, <=50K
56.0,1,0.20685222431256597,8,1.0389270397179136,2,10,0,4,1,-0.23507402286269047,-0.2429277792843272,-0.02496109307985433,19, >50K
19.0,2,-0.21905555175637867,10,-0.4523557924130626,4,1,3,4,1,-0.23507402286269047,-0.2429277792843272,-0.02496109307985433,19, <=50K
54.0,2,-0.11452802807465177,14,-0.07953508438031857,2,7,0,1,1,-0.23507402286269047,-0.2429277792843272,1.676931616910195,16, >50K
39.0,2,1.526133948693271,10,-0.4523557924130626,0,2,1,4,1,-0.23507402286269047,-0.2429277792843272,3.3788243269002445,19, <=50K
49.0,2,0.0008583589382808035,10,-0.4523557924130626,2,1,0,4,1,-0.23507402286269047,-0.2429277792843272,-0.02496109307985433,19, <=50K
23.0,1,-0.022446972136851227,6,0.6661063316851694,4,8,1,4,1,-0.23507402286269047,-0.2429277792843272,0.9961745329141753,19, <=50K
20.0,2,0.6380841765059386,14,-0.07953508438031857,4,9,3,2,1,-0.23507402286269047,-0.2429277792843272,0.31541744891815554,19, <=50K
45.0,2,1.69875303622003,8,1.0389270397179136,0,2,3,4,1,-0.23507402286269047,3.055455183418977,-0.02496109307985433,19, <=50K
30.0,0,-1.1693639765486366,14,-0.07953508438031857,2,0,3,4,1,-0.23507402286269047,-0.2429277792843272,-0.02496109307985433,19, <=50K
22.0,5,1.0371517895752957,14,-0.07953508438031857,2,6,0,2,1,-0.23507402286269047,-0.2429277792843272,-2.152326980567416,19, <=50K
48.0,2,0.4310026705395133,1,-1.1979972084785506,4,5,4,4,1,-0.23507402286269047,-0.2429277792843272,-0.02496109307985433,15, <=50K
21.0,2,0.03448750434364633,14,-0.07953508438031857,4,5,3,4,1,-0.23507402286269047,-0.2429277792843272,-0.02496109307985433,19, <=50K
19.0,2,3.0771708321508067,10,-0.4523557924130626,1,0,5,4,0,-0.23507402286269047,-0.2429277792843272,-1.3013806255723914,19, <=50K
31.0,2,-0.9570723212940561,14,-0.07953508438031857,2,9,0,4,1,-0.23507402286269047,-0.2429277792843272,-0.19515036407885927,19, >50K
48.0,4,0.633365219743266,6,0.6661063316851694,2,7,0,4,1,-0.23507402286269047,-0.2429277792843272,-0.02496109307985433,19, <=50K
31.0,2,2.7595096088851,5,-1.9436386245440387,2,5,0,4,1,-0.23507402286269047,-0.2429277792843272,0.2303228134186531,19, <=50K
53.0,4,-0.918899645027976,8,1.0389270397179136,2,7,0,4,1,-0.23507402286269047,-0.2429277792843272,-0.02496109307985433,19, <=50K
24.0,2,-0.17789186386191325,8,1.0389270397179136,2,10,0,4,1,-0.23507402286269047,-0.2429277792843272,0.8259852619151704,19, <=50K
49.0,2,-0.8651140634876262,10,-0.4523557924130626,5,0,4,4,0,-0.23507402286269047,-0.2429277792843272,-0.02496109307985433,19, <=50K
25.0,2,0.8482882635272179,10,-0.4523557924130626,4,4,1,4,1,-0.23507402286269047,-0.2429277792843272,-0.4504342705773667,19, <=50K
57.0,0,1.268564868143308,8,1.0389270397179136,2,7,0,2,1,-0.23507402286269047,-0.2429277792843272,-0.02496109307985433,19, >50K
53.0,2,-0.428978957334525,10,-0.4523557924130626,2,5,0,4,1,-0.23507402286269047,-0.2429277792843272,-0.19515036407885927,19, <=50K
44.0,2,-0.569381077966681,11,1.4117477477506575,0,2,4,4,0,-0.23507402286269047,-0.2429277792843272,-0.02496109307985433,19, <=50K
41.0,5,-0.804021993130722,7,0.29328562365242544,2,1,0,4,1,-0.23507402286269047,-0.2429277792843272,-0.02496109307985433,19, <=50K
29.0,2,0.6858965060846156,7,0.29328562365242544,4,7,1,4,1,-0.23507402286269047,-0.2429277792843272,0.2303228134186531,19, <=50K
25.0,2,-1.4121183396782393,14,-0.07953508438031857,2,2,5,3,0,-0.23507402286269047,-0.2429277792843272,-0.02496109307985433,19, <=50K
18.0,2,0.2954861612768901,10,-0.4523557924130626,4,6,3,4,0,-0.23507402286269047,-0.2429277792843272,-0.8759074480748791,19, <=50K
47.0,2,-1.240551807563229,13,1.7845684557834016,2,7,5,4,0,-0.23507402286269047,4.212700342208347,1.676931616910195,6, >50K
50.0,0,0.511514388243178,8,1.0389270397179136,0,2,1,4,1,-0.23507402286269047,-0.2429277792843272,1.2514584394126829,19, >50K
47.0,3,-0.7318430057700666,10,-0.4523557924130626,0,2,1,4,1,-0.23507402286269047,-0.2429277792843272,1.676931616910195,19, <=50K
43.0,2,0.3922949452724611,14,-0.07953508438031857,2,10,0,4,1,-0.23507402286269047,-0.2429277792843272,-0.02496109307985433,19, >50K
46.0,2,0.20522953471945365,3,-2.6892800406095265,2,5,0,4,1,-0.23507402286269047,-0.2429277792843272,-0.02496109307985433,12, <=50K
35.0,2,-1.2009318676059946,7,0.29328562365242544,2,6,0,4,1,-0.23507402286269047,-0.2429277792843272,-0.02496109307985433,15, <=50K
41.0,2,-0.4025685877947348,10,-0.4523557924130626,2,0,0,4,1,-0.23507402286269047,-0.2429277792843272,0.6557959909161655,19, <=50K
30.0,2,-0.04492780147278024,10,-0.4523557924130626,2,5,0,4,1,1.3916800551288528,-0.2429277792843272,-0.02496109307985433,19, <=50K
30.0,2,-1.173354915818183,8,1.0389270397179136,2,9,0,4,1,0.5460145599670811,-0.2429277792843272,-0.02496109307985433,19, <=50K
32.0,2,0.8829875069345278,4,-2.3164593325767826,3,9,1,4,1,-0.23507402286269047,-0.2429277792843272,-0.02496109307985433,19, <=50K
48.0,2,-0.3826752905126876,10,-0.4523557924130626,2,11,0,4,1,-0.23507402286269047,-0.2429277792843272,-0.02496109307985433,19, <=50K
42.0,2,-0.6721981991043166,9,2.1573891638161458,2,7,0,4,1,-0.23507402286269047,-0.2429277792843272,0.40051208441765807,19, >50K
29.0,2,-0.7689806692145938,14,-0.07953508438031857,0,10,1,4,1,-0.23507402286269047,-0.2429277792843272,1.5067423459111902,19, <=50K
36.0,2,-0.3309509633203453,10,-0.4523557924130626,2,1,0,4,1,-0.23507402286269047,-0.2429277792843272,-0.02496109307985433,19, <=50K
28.0,2,-0.08852990940446308,14,-0.07953508438031857,0,0,1,4,0,-0.23507402286269047,-0.2429277792843272,-0.02496109307985433,19, <=50K
53.0,2,-0.20544250176443102,10,-0.4523557924130626,2,0,5,4,0,-0.23507402286269047,-0.2429277792843272,-0.02496109307985433,19, >50K
49.0,3,-0.013921273301688134,14,-0.07953508438031857,2,2,0,4,1,-0.23507402286269047,-0.2429277792843272,0.8259852619151704,19, >50K
25.0,2,0.0650203825794516,14,-0.07953508438031857,4,9,3,4,1,-0.23507402286269047,-0.2429277792843272,-0.02496109307985433,19, <=50K
19.0,2,-0.804846494869925,14,-0.07953508438031857,4,7,3,4,1,-0.23507402286269047,-0.2429277792843272,-0.7057181770758741,19, <=50K
31.0,2,1.0236615377147187,8,1.0389270397179136,5,9,3,2,0,-0.23507402286269047,-0.2429277792843272,-0.02496109307985433,19, <=50K
29.0,4,-0.2716482371634135,8,1.0389270397179136,2,9,0,4,1,-0.23507402286269047,-0.2429277792843272,2.52787797190522,19, >50K
23.0,2,0.16147831477110644,14,-0.07953508438031857,4,5,1,4,1,-0.23507402286269047,-0.2429277792843272,-0.02496109307985433,19, <=50K
79.0,2,-0.6010454532701159,14,-0.07953508438031857,2,7,2,4,1,-0.23507402286269047,-0.2429277792843272,-1.7268538030699039,19, <=50K
27.0,2,0.18115232967570605,10,-0.4523557924130626,4,6,3,4,1,-0.23507402286269047,-0.2429277792843272,-0.02496109307985433,12, <=50K
40.0,2,-1.4126533886792114,6,0.6661063316851694,2,0,0,4,1,-0.23507402286269047,-0.2429277792843272,-0.02496109307985433,19, <=50K
67.0,2,0.1709600847719411,0,-1.5708179165112945,2,9,0,4,1,-0.23507402286269047,-0.2429277792843272,-3.2585572420609483,19, <=50K
18.0,2,1.0206792973814314,1,-1.1979972084785506,4,6,3,4,0,-0.23507402286269047,-0.2429277792843272,-1.556664532070899,19, <=50K
31.0,1,-0.590669011169295,4,-2.3164593325767826,2,3,0,4,1,-0.23507402286269047,-0.2429277792843272,-0.02496109307985433,19, <=50K
18.0,2,2.2241448412894065,10,-0.4523557924130626,4,9,1,4,1,-0.23507402286269047,-0.2429277792843272,-0.8759074480748791,19, <=50K
52.0,2,0.7301827750339349,8,1.0389270397179136,2,6,0,4,1,-0.23507402286269047,-0.2429277792843272,-0.02496109307985433,2, <=50K
46.0,2,-1.2424551785994742,10,-0.4523557924130626,2,6,5,4,0,-0.23507402286269047,-0.2429277792843272,-0.02496109307985433,19, <=50K
59.0,2,-0.29235726488956587,10,-0.4523557924130626,2,9,0,4,1,-0.23507402286269047,-0.2429277792843272,0.6557959909161655,19, <=50K
44.0,2,1.3185261650209714,10,-0.4523557924130626,0,1,1,4,0,4.419655778595657,-0.2429277792843272,-0.02496109307985433,19, >50K
53.0,2,1.341875352571593,10,-0.4523557924130626,0,9,3,4,0,-0.23507402286269047,-0.2429277792843272,-0.4504342705773667,19, <=50K
49.0,1,0.6575476803281886,10,-0.4523557924130626,2,8,0,4,1,-0.23507402286269047,-0.2429277792843272,-0.02496109307985433,19, >50K
33.0,2,0.07703705686358064,11,1.4117477477506575,2,7,0,4,1,-0.23507402286269047,-0.2429277792843272,0.8259852619151704,19, <=50K
30.0,2,-1.2186323411135658,5,-1.9436386245440387,4,9,1,4,1,-0.23507402286269047,-0.2429277792843272,-0.02496109307985433,19, <=50K
43.0,0,1.9086238140275888,9,2.1573891638161458,4,7,1,4,0,-0.23507402286269047,-0.2429277792843272,0.8259852619151704,19, >50K
57.0,2,0.4974101457257476,7,0.29328562365242544,2,7,0,4,1,-0.23507402286269047,-0.2429277792843272,-0.02496109307985433,19, <=50K
37.0,2,0.8197815544590286,14,-0.07953508438031857,0,1,4,4,0,-0.23507402286269047,-0.2429277792843272,-0.02496109307985433,19, <=50K
28.0,2,0.16924091093275184,14,-0.07953508438031857,0,5,4,2,0,-0.23507402286269047,-0.2429277792843272,-1.3013806255723914,19, <=50K
30.0,2,-0.6624182050701531,10,-0.4523557924130626,2,9,5,1,0,-0.23507402286269047,3.441984436860771,-0.4504342705773667,19, <=50K
34.0,1,0.28969710651227315,8,1.0389270397179136,2,8,0,4,1,-0.23507402286269047,-0.2429277792843272,-0.02496109307985433,19, >50K
29.0,1,-0.6813817450718225,14,-0.07953508438031857,4,4,1,4,1,-0.23507402286269047,-0.2429277792843272,0.8259852619151704,19, <=50K
48.0,4,-0.01746487652124152,9,2.1573891638161458,2,7,0,4,1,-0.23507402286269047,4.212700342208347,1.676931616910195,19, >50K
37.0,2,0.08258051536545623,14,-0.07953508438031857,2,9,0,4,1,-0.23507402286269047,-0.2429277792843272,0.6557959909161655,19, >50K
48.0,2,-0.1944871541871484,6,0.6661063316851694,0,2,4,4,0,-0.23507402286269047,-0.2429277792843272,-0.02496109307985433,4, <=50K
32.0,0,0.4924280501101379,10,-0.4523557924130626,4,6,3,2,1,-0.23507402286269047,-0.2429277792843272,-0.02496109307985433,19, <=50K
76.0,2,-0.6058959794592571,11,1.4117477477506575,2,2,0,4,1,-0.23507402286269047,-0.2429277792843272,-0.02496109307985433,19, >50K
44.0,2,0.043978045639578904,8,1.0389270397179136,2,2,0,4,1,4.640320604654754,-0.2429277792843272,1.676931616910195,19, >50K
47.0,4,-0.38727144914398953,11,1.4117477477506575,4,7,1,4,0,-0.23507402286269047,-0.2429277792843272,0.8259852619151704,19, <=50K
20.0,2,-0.04357702202770296,14,-0.07953508438031857,4,10,3,4,0,-0.23507402286269047,-0.2429277792843272,-0.02496109307985433,19, <=50K
29.0,2,-0.7879792943966548,10,-0.4523557924130626,4,1,1,4,1,-0.23507402286269047,-0.2429277792843272,-0.02496109307985433,19, <=50K
32.0,3,1.0910777118372121,10,-0.4523557924130626,2,1,0,4,1,2.2597365399936797,-0.2429277792843272,-0.02496109307985433,19, >50K
17.0,2,0.9789191614203083,0,-1.5708179165112945,4,9,3,4,0,10.828995454320966,-0.2429277792843272,-0.7057181770758741,19, <=50K
30.0,2,0.01432229691356408,1,-1.1979972084785506,4,4,3,4,1,-0.23507402286269047,-0.2429277792843272,-0.02496109307985433,19, <=50K
31.0,1,-0.0351127222582252,10,-0.4523557924130626,4,0,1,4,0,-0.23507402286269047,-0.2429277792843272,-0.02496109307985433,19, <=50K
42.0,2,-0.601501560615207,10,-0.4523557924130626,2,4,0,4,1,-0.23507402286269047,-0.2429277792843272,-0.02496109307985433,19, <=50K
24.0,2,2.097285600288415,8,1.0389270397179136,4,9,2,4,1,-0.23507402286269047,-0.2429277792843272,-0.02496109307985433,19, <=50K
38.0,2,-1.1222358079875963,13,1.7845684557834016,2,7,0,4,1,-0.23507402286269047,-0.2429277792843272,-0.02496109307985433,19, >50K
56.0,4,1.2484786023691068,10,-0.4523557924130626,2,6,0,4,1,-0.23507402286269047,4.177561319168184,0.8259852619151704,1, >50K
28.0,2,1.619188618386939,14,-0.07953508438031857,2,9,5,4,0,1.0837228199375555,-0.2429277792843272,-1.3013806255723914,19, <=50K
36.0,2,-0.7929613900122645,10,-0.4523557924130626,4,5,3,4,0,-0.23507402286269047,-0.2429277792843272,-0.02496109307985433,19, <=50K
53.0,2,-0.8562638267338407,5,-1.9436386245440387,2,4,0,4,1,-0.23507402286269047,-0.2429277792843272,0.8259852619151704,19, <=50K
56.0,3,0.9632799422607448,14,-0.07953508438031857,2,9,0,4,1,-0.23507402286269047,-0.2429277792843272,0.8259852619151704,19, <=50K
49.0,1,0.035987395805387984,7,0.29328562365242544,2,1,0,2,1,-0.23507402286269047,-0.2429277792843272,-0.02496109307985433,19, >50K
55.0,2,0.4761397551133294,14,-0.07953508438031857,2,9,0,4,1,-0.23507402286269047,-0.2429277792843272,1.3365530749121852,19, <=50K
22.0,2,-0.7949963304749783,10,-0.4523557924130626,4,1,1,4,1,-0.23507402286269047,-0.2429277792843272,0.06013354241964814,19, <=50K
21.0,2,0.058301570534456816,14,-0.07953508438031857,4,6,3,4,0,-0.23507402286269047,-0.2429277792843272,-0.02496109307985433,19, <=50K
40.0,2,-0.6527171526918708,8,1.0389270397179136,2,2,0,4,1,-0.23507402286269047,-0.2429277792843272,1.676931616910195,19, <=50K
30.0,2,-1.018567871225464,8,1.0389270397179136,4,2,3,2,1,-0.23507402286269047,-0.2429277792843272,-0.02496109307985433,5, <=50K
29.0,5,0.6553987130292019,8,1.0389270397179136,2,7,0,4,1,-0.23507402286269047,-0.2429277792843272,0.8259852619151704,19, >50K
19.0,2,0.9502633403354547,14,-0.07953508438031857,4,6,3,2,1,-0.23507402286269047,-0.2429277792843272,-0.4504342705773667,19, <=50K
47.0,2,0.8294124364765276,8,1.0389270397179136,2,2,5,4,0,-0.23507402286269047,-0.2429277792843272,-0.02496109307985433,19, >50K
20.0,2,-0.7154845404124748,14,-0.07953508438031857,4,0,3,4,0,-0.23507402286269047,3.784004261118358,-1.0460967190738841,19, <=50K
31.0,2,-0.6870655442952646,6,0.6661063316851694,2,0,0,4,1,-0.23507402286269047,-0.2429277792843272,-0.02496109307985433,19, >50K
35.0,2,-0.5610395763285739,10,-0.4523557924130626,2,9,0,4,1,-0.23507402286269047,-0.2429277792843272,-0.02496109307985433,19, <=50K
39.0,2,1.5127928088493585,14,-0.07953508438031857,0,1,1,4,1,-0.23507402286269047,-0.2429277792843272,-0.02496109307985433,19, <=50K
28.0,2,-1.084545552951901,6,0.6661063316851694,4,9,1,4,0,-0.23507402286269047,-0.2429277792843272,1.676931616910195,19, <=50K
24.0,2,-1.3152130714365913,10,-0.4523557924130626,4,6,1,4,0,-0.23507402286269047,3.8847361271668253,-0.02496109307985433,19, <=50K
38.0,4,-0.6340167515431386,10,-0.4523557924130626,2,1,0,4,1,1.1882141052184803,-0.2429277792843272,-0.4504342705773667,19, <=50K
37.0,2,0.5344688675143938,8,1.0389270397179136,2,9,0,4,1,-0.23507402286269047,-0.2429277792843272,0.8259852619151704,19, <=50K
46.0,2,-0.41289240212496836,6,0.6661063316851694,0,10,1,2,0,-0.23507402286269047,-0.2429277792843272,-0.3653396350778642,19, <=50K
38.0,0,-0.5906163833987076,11,1.4117477477506575,2,7,0,4,1,-0.23507402286269047,-0.2429277792843272,-0.02496109307985433,8, >50K
43.0,4,-1.1959497719903849,10,-0.4523557924130626,2,1,0,4,1,-0.23507402286269047,-0.2429277792843272,1.676931616910195,19, <=50K
27.0,2,-0.2643768335272508,7,0.29328562365242544,2,0,5,4,0,-0.23507402286269047,-0.2429277792843272,-0.4504342705773667,19, <=50K
20.0,2,-1.3942687541540038,14,-0.07953508438031857,4,9,3,4,1,-0.23507402286269047,-0.2429277792843272,-1.7268538030699039,19, <=50K
49.0,2,-0.9762025159025857,14,-0.07953508438031857,2,1,0,1,1,-0.23507402286269047,-0.2429277792843272,-0.02496109307985433,19, >50K
61.0,3,-1.1109208373112995,10,-0.4523557924130626,2,1,0,4,1,-0.23507402286269047,-0.2429277792843272,-0.02496109307985433,19, <=50K
27.0,2,0.3465877265172812,14,-0.07953508438031857,4,9,3,4,0,-0.23507402286269047,-0.2429277792843272,-0.02496109307985433,19, <=50K
19.0,2,1.0841308461196717,14,-0.07953508438031857,4,6,3,4,1,-0.23507402286269047,-0.2429277792843272,-0.8759074480748791,12, <=50K
45.0,2,0.02908438656333721,7,0.29328562365242544,4,7,1,4,0,-0.23507402286269047,3.420901023036673,-0.02496109307985433,19, >50K
70.0,2,-0.7709278967263287,14,-0.07953508438031857,4,10,2,4,1,-0.23507402286269047,-0.2429277792843272,-0.02496109307985433,19, <=50K
31.0,2,-0.06538246164109333,10,-0.4523557924130626,4,11,4,2,0,-0.23507402286269047,-0.2429277792843272,-0.8759074480748791,19, <=50K
22.0,2,-0.15695478246321543,14,-0.07953508438031857,2,6,0,4,1,-0.23507402286269047,-0.2429277792843272,-1.386475261071894,19, <=50K
36.0,2,-0.7453420289257414,10,-0.4523557924130626,6,6,4,4,0,-0.23507402286269047,-0.2429277792843272,-1.386475261071894,19, <=50K
64.0,2,-0.10557253577969136,1,-1.1979972084785506,2,1,0,4,1,-0.23507402286269047,4.8616009676833585,-0.02496109307985433,19, <=50K
43.0,2,-0.16319994457292336,14,-0.07953508438031857,0,9,1,4,0,-0.23507402286269047,-0.2429277792843272,-0.02496109307985433,19, <=50K
47.0,1,-0.06367205909700198,14,-0.07953508438031857,0,0,4,4,0,-0.23507402286269047,-0.2429277792843272,-0.19515036407885927,12, <=50K
34.0,2,0.04310968742488637,10,-0.4523557924130626,4,0,1,4,0,-0.23507402286269047,-0.2429277792843272,-0.02496109307985433,19, <=50K
33.0,2,-0.26546447411939095,8,1.0389270397179136,4,2,2,1,0,-0.23507402286269047,-0.2429277792843272,-0.02496109307985433,13, <=50K
21.0,2,0.9024773246420714,10,-0.4523557924130626,4,1,3,4,1,-0.23507402286269047,-0.2429277792843272,-0.4504342705773667,19, <=50K
52.0,2,0.5230749551822159,10,-0.4523557924130626,0,7,1,4,1,-0.23507402286269047,-0.2429277792843272,0.40051208441765807,19, >50K
48.0,2,-0.048708229659977044,10,-0.4523557924130626,2,1,0,4,1,-0.23507402286269047,-0.2429277792843272,0.48560671991716053,19, <=50K
23.0,2,0.18659930393150467,8,1.0389270397179136,4,4,1,4,1,-0.23507402286269047,-0.2429277792843272,-0.02496109307985433,19, <=50K
71.0,4,2.6397638882085093,14,-0.07953508438031857,5,9,4,2,1,-0.23507402286269047,4.011236610111412,-3.2585572420609483,19, <=50K
29.0,2,-0.01520188238598218,10,-0.4523557924130626,0,1,1,4,1,-0.23507402286269047,-0.2429277792843272,1.676931616910195,19, <=50K
42.0,2,0.3086431039237467,8,1.0389270397179136,5,6,2,2,1,-0.23507402286269047,-0.2429277792843272,0.8259852619151704,19, <=50K
68.0,2,-1.3591221746967008,2,-3.062100748642271,0,9,1,4,0,-0.23507402286269047,-0.2429277792843272,-1.7268538030699039,19, <=50K
25.0,2,0.5217504896224323,10,-0.4523557924130626,4,6,4,4,0,-0.23507402286269047,-0.2429277792843272,-0.02496109307985433,19, <=50K
44.0,3,-1.0077704069599436,11,1.4117477477506575,0,2,4,1,0,-0.23507402286269047,-0.2429277792843272,-0.02496109307985433,19, <=50K
28.0,2,-0.9196627477014938,10,-0.4523557924130626,4,2,1,1,0,-0.23507402286269047,-0.2429277792843272,-0.02496109307985433,4, <=50K
45.0,4,0.06852012932351546,11,1.4117477477506575,2,9,0,4,1,-0.23507402286269047,-0.2429277792843272,-0.02496109307985433,19, >50K
36.0,2,0.12182328963348059,14,-0.07953508438031857,0,6,4,4,0,-0.23507402286269047,-0.2429277792843272,-0.02496109307985433,12, <=50K
39.0,0,0.37029653716691685,6,0.6661063316851694,4,2,1,4,1,-0.23507402286269047,-0.2429277792843272,0.1452281779191506,19, <=50K
46.0,5,-0.7950314156553699,11,1.4117477477506575,6,8,4,4,1,-0.23507402286269047,-0.2429277792843272,-0.02496109307985433,19, <=50K
18.0,2,-1.468666879174429,1,-1.1979972084785506,4,4,3,4,1,-0.23507402286269047,-0.2429277792843272,-2.0672323450679135,19, <=50K
66.0,1,-1.2143168639253967,7,0.29328562365242544,6,7,1,4,0,-0.23507402286269047,-0.2429277792843272,-1.7268538030699039,19, <=50K
27.0,2,-0.5992122525946539,10,-0.4523557924130626,4,6,1,4,1,-0.23507402286269047,4.395423262017195,-0.02496109307985433,19, <=50K
28.0,5,-0.15738457592301275,10,-0.4523557924130626,2,8,0,4,1,-0.23507402286269047,-0.2429277792843272,-0.02496109307985433,19, <=50K
51.0,2,-0.8526237392682103,14,-0.07953508438031857,2,9,0,4,1,-0.23507402286269047,4.388395457409162,-0.02496109307985433,19, >50K
27.0,2,2.059165551792922,8,1.0389270397179136,4,1,1,4,1,-0.23507402286269047,-0.2429277792843272,0.8259852619151704,19, <=50K
28.0,5,-0.3828156312342541,8,1.0389270397179136,2,7,0,4,1,-0.23507402286269047,-0.2429277792843272,-0.02496109307985433,19, >50K
27.0,2,0.5310656050164069,10,-0.4523557924130626,3,9,4,4,0,-0.23507402286269047,-0.2429277792843272,-1.3013806255723914,19, <=50K
21.0,2,1.0498175396966698,10,-0.4523557924130626,4,1,3,2,1,-0.23507402286269047,-0.2429277792843272,-0.02496109307985433,19, <=50K
34.0,2,2.5481389396157996,10,-0.4523557924130626,4,4,1,2,1,-0.23507402286269047,-0.2429277792843272,-0.02496109307985433,19, <=50K
18.0,2,-0.08190758160554525,10,-0.4523557924130626,4,6,3,4,1,-0.23507402286269047,-0.2429277792843272,-2.4076108870659234,19, <=50K
33.0,2,-1.368270635483815,8,1.0389270397179136,2,7,0,4,1,-0.23507402286269047,-0.2429277792843272,2.1024047944077076,19, <=50K
44.0,1,-0.10459015072872607,14,-0.07953508438031857,2,2,0,2,1,-0.23507402286269047,-0.2429277792843272,-0.19515036407885927,19, >50K
43.0,2,-0.6901968966452164,14,-0.07953508438031857,0,0,1,4,0,-0.23507402286269047,-0.2429277792843272,-0.02496109307985433,19, <=50K
30.0,2,3.863526208973035,14,-0.07953508438031857,4,1,1,2,1,-0.23507402286269047,-0.2429277792843272,0.40051208441765807,19, <=50K
40.0,2,0.816623888223783,4,-2.3164593325767826,2,5,0,4,1,-0.23507402286269047,-0.2429277792843272,-0.02496109307985433,12, >50K
37.0,0,-1.4403706811885895,14,-0.07953508438031857,2,0,0,4,1,-0.23507402286269047,-0.2429277792843272,0.1452281779191506,19, >50K
34.0,2,0.971524959652775,10,-0.4523557924130626,2,0,0,2,1,-0.23507402286269047,-0.2429277792843272,-0.02496109307985433,19, <=50K
41.0,4,-0.4397851928951433,8,1.0389270397179136,0,2,1,4,0,-0.23507402286269047,-0.2429277792843272,-0.02496109307985433,19, <=50K
53.0,2,-0.5101660647607283,8,1.0389270397179136,0,9,1,4,0,-0.23507402286269047,-0.2429277792843272,0.8259852619151704,19, <=50K
31.0,2,-0.8187139124197119,11,1.4117477477506575,2,7,5,4,0,-0.23507402286269047,-0.2429277792843272,0.8259852619151704,19, <=50K
58.0,5,-0.7341673989710112,9,2.1573891638161458,2,7,0,4,1,-0.23507402286269047,-0.2429277792843272,-3.343651877560451,19, >50K
38.0,2,-0.3337139212761852,14,-0.07953508438031857,0,5,1,2,0,-0.23507402286269047,-0.2429277792843272,-1.0460967190738841,19, <=50K
24.0,2,-0.2956026440757905,14,-0.07953508438031857,2,5,0,4,1,-0.23507402286269047,-0.2429277792843272,-0.02496109307985433,19, <=50K
41.0,1,2.9001573257799977,8,1.0389270397179136,2,1,0,2,1,-0.23507402286269047,-0.2429277792843272,-0.02496109307985433,19, <=50K
47.0,2,-0.6344202311176422,14,-0.07953508438031857,2,10,0,4,1,-0.23507402286269047,-0.2429277792843272,0.40051208441765807,19, <=50K
41.0,0,-0.548277341961123,8,1.0389270397179136,2,10,0,4,1,-0.23507402286269047,-0.2429277792843272,-1.386475261071894,19, <=50K
23.0,2,0.03612773652695445,3,-2.6892800406095265,2,11,2,4,1,-0.23507402286269047,-0.2429277792843272,-0.02496109307985433,12, <=50K
36.0,2,-0.8235732099039509,14,-0.07953508438031857,0,1,1,4,1,-0.23507402286269047,-0.2429277792843272,-0.02496109307985433,19, <=50K
40.0,0,-1.197046183877623,11,1.4117477477506575,4,2,1,4,0,4.3352839333377675,-0.2429277792843272,1.2514584394126829,19, >50K
35.0,2,-0.47607204071517384,11,1.4117477477506575,2,7,2,4,1,2.133178772106845,-0.2429277792843272,-0.02496109307985433,19, >50K
24.0,4,-1.406452083044993,10,-0.4523557924130626,4,9,1,4,1,-0.23507402286269047,-0.2429277792843272,-0.02496109307985433,19, <=50K
26.0,2,1.789772765450984,11,1.4117477477506575,4,7,1,4,0,-0.23507402286269047,4.151792702272064,-0.02496109307985433,19, <=50K
19.0,2,-0.19836406662042216,10,-0.4523557924130626,4,9,3,4,1,-0.23507402286269047,-0.2429277792843272,-0.02496109307985433,9, <=50K
51.0,2,0.5793866697107622,8,1.0389270397179136,2,2,0,4,1,-0.23507402286269047,-0.2429277792843272,0.8259852619151704,19, >50K
42.0,1,0.539863213999605,14,-0.07953508438031857,4,7,1,4,0,-0.23507402286269047,2.8961582789702383,-0.02496109307985433,19, <=50K
37.0,5,-1.2723389809980346,10,-0.4523557924130626,0,0,4,4,0,-0.23507402286269047,-0.2429277792843272,-0.4504342705773667,19, <=50K
18.0,2,-0.46579208286042983,1,-1.1979972084785506,4,9,3,4,0,-0.23507402286269047,-0.2429277792843272,-0.02496109307985433,19, <=50K
36.0,2,-0.5658462460422256,8,1.0389270397179136,2,6,0,2,1,2.133178772106845,-0.2429277792843272,-0.3653396350778642,19, >50K
35.0,2,-1.377077015762111,10,-0.4523557924130626,0,1,1,4,1,-0.23507402286269047,-0.2429277792843272,1.676931616910195,19, <=50K
58.0,3,0.15169832073694303,10,-0.4523557924130626,2,9,5,4,0,4.640320604654754,-0.2429277792843272,-0.4504342705773667,19, >50K
17.0,2,-1.1218498710032885,1,-1.1979972084785506,4,9,3,4,0,-0.23507402286269047,-0.2429277792843272,-2.4076108870659234,19, <=50K
44.0,1,-0.28353334202107405,10,-0.4523557924130626,2,11,0,2,1,-0.23507402286269047,-0.2429277792843272,-0.02496109307985433,19, <=50K
37.0,2,0.13235761504606378,10,-0.4523557924130626,2,1,0,4,1,-0.23507402286269047,-0.2429277792843272,-0.02496109307985433,19, >50K
35.0,2,-0.3462744158563843,14,-0.07953508438031857,4,9,1,0,0,-0.23507402286269047,-0.2429277792843272,-0.02496109307985433,19, <=50K
60.0,2,-0.9425032001364368,10,-0.4523557924130626,2,1,0,1,1,-0.23507402286269047,-0.2429277792843272,-0.02496109307985433,19, <=50K
54.0,3,-0.5951423716692262,4,-2.3164593325767826,2,5,0,4,1,-0.23507402286269047,-0.2429277792843272,-0.02496109307985433,19, >50K
37.0,2,3.8825686906305856,8,1.0389270397179136,4,2,1,2,1,-0.23507402286269047,-0.2429277792843272,1.676931616910195,19, >50K
50.0,2,1.053019062407405,6,0.6661063316851694,0,9,1,4,0,-0.23507402286269047,-0.2429277792843272,-0.02496109307985433,19, <=50K
38.0,2,-0.09349446242987698,8,1.0389270397179136,2,9,0,4,1,-0.23507402286269047,-0.2429277792843272,0.8259852619151704,14, <=50K
45.0,2,-0.7353339812190325,8,1.0389270397179136,2,7,0,4,1,-0.23507402286269047,-0.2429277792843272,1.2514584394126829,19, <=50K
25.0,2,0.5415034461829131,0,-1.5708179165112945,4,1,1,4,1,-0.23507402286269047,-0.2429277792843272,-0.02496109307985433,19, <=50K
31.0,2,0.04027655910826324,14,-0.07953508438031857,2,4,0,4,1,-0.23507402286269047,-0.2429277792843272,-0.02496109307985433,19, <=50K
64.0,2,-0.0492257360707534,2,-3.062100748642271,0,9,1,4,1,-0.23507402286269047,-0.2429277792843272,-0.02496109307985433,19, <=50K
90.0,2,-1.241349995417138,10,-0.4523557924130626,4,6,1,2,1,-0.23507402286269047,4.924851209155652,-0.02496109307985433,19, <=50K
54.0,2,-0.14549069977025436,10,-0.4523557924130626,2,0,0,2,1,-0.23507402286269047,-0.2429277792843272,-1.7268538030699039,19, <=50K
53.0,1,-0.4640816803163385,12,-3.434921456675015,4,5,1,4,0,-0.23507402286269047,-0.2429277792843272,-0.4504342705773667,19, <=50K
18.0,2,0.4389582351933126,10,-0.4523557924130626,4,9,3,4,0,-0.23507402286269047,-0.2429277792843272,-0.02496109307985433,19, <=50K
60.0,2,-1.4828149781673488,0,-1.5708179165112945,0,9,1,0,0,-0.23507402286269047,-0.2429277792843272,-2.5778001580649286,19, <=50K
32.0,2,-0.08203037973691592,10,-0.4523557924130626,4,6,1,4,0,-0.23507402286269047,-0.2429277792843272,-0.5355289060768692,19, <=50K
40.0,2,0.12551600486969836,6,0.6661063316851694,2,10,0,4,1,-0.23507402286269047,4.388395457409162,1.676931616910195,19, >50K
45.0,2,-0.3519669863749243,10,-0.4523557924130626,2,0,0,4,1,-0.23507402286269047,-0.2429277792843272,-0.02496109307985433,19, <=50K
41.0,2,-0.7061343398381087,13,1.7845684557834016,2,7,5,4,0,-0.23507402286269047,-0.2429277792843272,-0.02496109307985433,19, >50K
42.0,2,1.7324435806910807,8,1.0389270397179136,2,0,5,2,0,-0.23507402286269047,-0.2429277792843272,-0.02496109307985433,19, <=50K
59.0,1,-0.1924434424293367,0,-1.5708179165112945,6,6,4,2,0,-0.23507402286269047,-0.2429277792843272,-0.8759074480748791,19, <=50K
19.0,1,-1.4550362865922855,14,-0.07953508438031857,4,0,3,4,1,-0.23507402286269047,-0.2429277792843272,-0.02496109307985433,19, <=50K
58.0,2,0.5766763395255098,14,-0.07953508438031857,4,11,1,4,1,-0.23507402286269047,-0.2429277792843272,-1.7268538030699039,19, <=50K
42.0,4,0.9628764626862412,10,-0.4523557924130626,2,3,0,1,1,-0.23507402286269047,-0.2429277792843272,-0.02496109307985433,0, >50K
20.0,2,-0.6620498106760412,10,-0.4523557924130626,4,6,3,4,0,-0.23507402286269047,-0.2429277792843272,-0.02496109307985433,19, <=50K
32.0,2,-0.18147055226185826,10,-0.4523557924130626,5,6,1,4,0,-0.23507402286269047,-0.2429277792843272,-0.8759074480748791,19, <=50K
45.0,2,-0.04913802311977436,7,0.29328562365242544,6,2,1,4,0,-0.23507402286269047,-0.2429277792843272,0.40051208441765807,19, <=50K
50.0,2,0.09867584187011083,4,-2.3164593325767826,0,1,1,4,1,-0.23507402286269047,-0.2429277792843272,-0.02496109307985433,19, <=50K
36.0,2,-0.37914922988333005,8,1.0389270397179136,0,7,3,4,0,-0.23507402286269047,-0.2429277792843272,-0.02496109307985433,19, <=50K
45.0,2,-0.8348180102194643,10,-0.4523557924130626,2,9,0,4,1,-0.23507402286269047,-0.2429277792843272,1.676931616910195,19, <=50K
17.0,2,0.4618074589233536,1,-1.1979972084785506,4,6,3,4,1,-0.23507402286269047,-0.2429277792843272,-2.4076108870659234,19, <=50K
59.0,2,-0.4144887778327869,14,-0.07953508438031857,2,9,0,4,1,1.0837228199375555,-0.2429277792843272,-0.02496109307985433,19, <=50K
26.0,2,1.6231620150662898,1,-1.1979972084785506,2,1,0,4,1,-0.23507402286269047,-0.2429277792843272,-0.02496109307985433,19, <=50K
37.0,3,0.5615984832522121,14,-0.07953508438031857,2,2,0,1,1,-0.23507402286269047,-0.2429277792843272,2.9533511494027325,18, >50K
19.0,2,0.22531580049365477,14,-0.07953508438031857,4,9,3,4,1,-0.23507402286269047,-0.2429277792843272,-1.386475261071894,1, <=50K
64.0,2,-1.5094884865600762,10,-0.4523557924130626,2,2,0,4,1,-0.23507402286269047,-0.2429277792843272,-0.02496109307985433,19, >50K
33.0,2,-0.06831207420379341,8,1.0389270397179136,4,7,1,4,0,-0.23507402286269047,-0.2429277792843272,0.40051208441765807,19, <=50K
33.0,2,0.2538137382667462,10,-0.4523557924130626,2,1,5,4,0,-0.23507402286269047,-0.2429277792843272,-0.02496109307985433,19, >50K
61.0,2,-1.0823878143578165,10,-0.4523557924130626,2,2,0,4,1,-0.23507402286269047,-0.2429277792843272,-0.02496109307985433,19, >50K
17.0,2,-0.017613988537905894,5,-1.9436386245440387,4,6,3,4,1,0.10728096462605445,-0.2429277792843272,-1.386475261071894,19, <=50K
50.0,4,-1.4263453803270403,11,1.4117477477506575,2,3,0,4,1,0.5460145599670811,-0.2429277792843272,4.910527765891289,19, <=50K
27.0,1,0.13894485766459,11,1.4117477477506575,4,7,3,4,1,-0.23507402286269047,-0.2429277792843272,-0.4504342705773667,19, <=50K
30.0,2,-1.0779144538578853,10,-0.4523557924130626,0,7,3,4,0,-0.23507402286269047,-0.2429277792843272,-0.02496109307985433,19, <=50K
43.0,2,2.4973180558185417,10,-0.4523557924130626,2,4,0,2,1,-0.23507402286269047,-0.2429277792843272,-0.02496109307985433,19, <=50K
44.0,2,-0.19598704564889008,14,-0.07953508438031857,2,1,0,4,1,2.133178772106845,-0.2429277792843272,-0.02496109307985433,19, >50K
35.0,2,-0.027139615014230088,14,-0.07953508438031857,4,2,1,4,0,-0.23507402286269047,-0.2429277792843272,-0.02496109307985433,19, <=50K
25.0,2,0.004551074174498562,14,-0.07953508438031857,4,10,3,4,0,-0.23507402286269047,-0.2429277792843272,-0.02496109307985433,19, <=50K
24.0,2,0.7561194946384383,14,-0.07953508438031857,2,5,5,4,0,2.133178772106845,-0.2429277792843272,0.6557959909161655,19, >50K
22.0,2,-1.388935806734478,8,1.0389270397179136,4,7,1,4,0,-0.23507402286269047,-0.2429277792843272,-2.152326980567416,5, <=50K
42.0,1,-0.8383616134390177,14,-0.07953508438031857,2,1,0,4,1,1.4452237261578982,-0.2429277792843272,-0.02496109307985433,19, >50K
34.0,2,-0.15661270195439714,6,0.6661063316851694,0,9,4,2,0,-0.23507402286269047,-0.2429277792843272,0.40051208441765807,19, <=50K
60.0,2,-0.16935739373165226,8,1.0389270397179136,0,7,1,4,0,-0.23507402286269047,-0.2429277792843272,0.1452281779191506,19, <=50K
21.0,2,0.10956101908661021,10,-0.4523557924130626,4,4,3,4,1,-0.23507402286269047,-0.2429277792843272,-0.02496109307985433,19, <=50K
57.0,0,2.0340007061570344,11,1.4117477477506575,2,9,0,4,1,4.640320604654754,-0.2429277792843272,-0.02496109307985433,19, >50K
41.0,2,0.23913059027285422,13,1.7845684557834016,2,7,0,4,1,-0.23507402286269047,-0.2429277792843272,1.676931616910195,19, >50K
50.0,2,-0.14612223301730348,14,-0.07953508438031857,0,6,1,4,1,-0.23507402286269047,-0.2429277792843272,0.40051208441765807,19, <=50K
25.0,2,1.5675958606210652,8,1.0389270397179136,4,2,1,4,0,-0.23507402286269047,-0.2429277792843272,-0.02496109307985433,19, <=50K
50.0,2,0.00540188979899529,4,-2.3164593325767826,2,1,0,4,1,-0.23507402286269047,-0.2429277792843272,-0.02496109307985433,3, <=50K
36.0,2,0.062134626492241045,8,1.0389270397179136,2,7,0,4,1,-0.23507402286269047,-0.2429277792843272,0.40051208441765807,19, <=50K
31.0,2,-0.5760384909459905,10,-0.4523557924130626,0,7,1,4,0,-0.23507402286269047,-0.2429277792843272,-0.02496109307985433,19, <=50K
29.0,1,0.23814820522188893,8,1.0389270397179136,4,8,1,4,1,-0.23507402286269047,-0.2429277792843272,1.3365530749121852,19, <=50K
21.0,2,0.33912335438896457,14,-0.07953508438031857,4,9,3,4,1,-0.23507402286269047,-0.2429277792843272,0.40051208441765807,19, <=50K
27.0,2,0.4835953559465482,8,1.0389270397179136,4,10,4,2,0,-0.23507402286269047,-0.2429277792843272,-0.02496109307985433,19, <=50K
65.0,2,-0.7207648600614133,10,-0.4523557924130626,2,11,0,4,1,-0.23507402286269047,-0.2429277792843272,-2.0672323450679135,19, <=50K
37.0,3,-1.1915290392610411,8,1.0389270397179136,0,9,1,4,0,-0.23507402286269047,-0.2429277792843272,1.676931616910195,19, <=50K
39.0,2,-0.31423287486373946,11,1.4117477477506575,2,9,5,1,0,0.8890185616501175,-0.2429277792843272,-0.02496109307985433,19, <=50K
24.0,2,0.7443484166170506,10,-0.4523557924130626,4,1,3,4,1,-0.23507402286269047,-0.2429277792843272,-0.02496109307985433,19, <=50K
38.0,2,-0.208749280016341,10,-0.4523557924130626,0,9,1,4,1,-0.23507402286269047,-0.2429277792843272,3.3788243269002445,19, <=50K
48.0,2,-0.41225209758282133,8,1.0389270397179136,2,0,0,4,1,2.2597365399936797,-0.2429277792843272,-0.02496109307985433,19, >50K
21.0,2,-0.3469059491034334,14,-0.07953508438031857,4,6,1,1,0,-0.23507402286269047,-0.2429277792843272,-1.3013806255723914,19, <=50K
31.0,2,0.21219394302718977,10,-0.4523557924130626,2,11,0,4,1,-0.23507402286269047,-0.2429277792843272,0.40051208441765807,19, >50K
55.0,2,0.3979524306106095,10,-0.4523557924130626,2,9,0,4,1,1.1882141052184803,-0.2429277792843272,-0.02496109307985433,19, >50K
24.0,2,0.9650868290509131,14,-0.07953508438031857,2,0,5,1,0,-0.23507402286269047,-0.2429277792843272,-0.02496109307985433,11, <=50K
43.0,2,-0.1749622512992132,10,-0.4523557924130626,0,0,1,4,0,-0.23507402286269047,-0.2429277792843272,-0.02496109307985433,19, <=50K
26.0,2,0.00593693879996746,6,0.6661063316851694,4,10,1,4,1,-0.23507402286269047,-0.2429277792843272,0.40051208441765807,19, <=50K
46.0,2,-0.9664751496390096,6,0.6661063316851694,4,7,1,4,0,-0.23507402286269047,-0.2429277792843272,-0.6206235415763717,19, <=50K
35.0,2,0.004796670437239885,6,0.6661063316851694,2,0,0,4,1,-0.23507402286269047,-0.2429277792843272,-0.02496109307985433,19, >50K
41.0,3,-1.3883305873727225,14,-0.07953508438031857,2,3,0,4,1,-0.23507402286269047,-0.2429277792843272,1.1663638039131803,19, >50K
26.0,2,-1.175021461886785,8,1.0389270397179136,4,9,1,4,1,-0.23507402286269047,-0.2429277792843272,-0.02496109307985433,19, <=50K
34.0,2,-0.4418201333578571,11,1.4117477477506575,2,2,0,1,1,2.133178772106845,-0.2429277792843272,-0.4504342705773667,17, >50K
19.0,2,5.851154305928763,14,-0.07953508438031857,4,9,3,2,0,-0.23507402286269047,-0.2429277792843272,-1.3013806255723914,19, <=50K
36.0,4,0.10822778223172874,8,1.0389270397179136,0,7,1,2,0,-0.23507402286269047,-0.2429277792843272,-0.02496109307985433,19, >50K
22.0,2,0.05639819949821156,14,-0.07953508438031857,4,9,3,4,1,-0.23507402286269047,-0.2429277792843272,-2.152326980567416,19, <=50K
24.0,2,-0.01152670973996023,14,-0.07953508438031857,4,5,1,4,1,-0.23507402286269047,-0.2429277792843272,-0.02496109307985433,19, <=50K
77.0,4,-0.47851046075239123,14,-0.07953508438031857,2,9,0,4,1,-0.23507402286269047,-0.2429277792843272,-0.02496109307985433,19, <=50K
22.0,2,1.805297957774275,3,-2.6892800406095265,2,5,2,4,0,-0.23507402286269047,-0.2429277792843272,-0.02496109307985433,12, <=50K
29.0,2,2.016431802075932,14,-0.07953508438031857,4,10,1,4,0,-0.23507402286269047,-0.2429277792843272,-0.02496109307985433,19, <=50K
62.0,2,-0.2931993092189647,10,-0.4523557924130626,6,6,1,4,0,-0.23507402286269047,-0.2429277792843272,-1.386475261071894,19, <=50K
